regime,seed,model,rmse_all,rmse_heldout,rmse_train_pts,iv_rmse_all,butterfly_violation_rate,durrleman_violation_rate,nonpositive_rate,calendar_violation_rate,calendar_max_violation,butterfly_violation_rate_denseT,durrleman_violation_rate_denseT,calendar_violation_rate_denseT,calendar_max_violation_denseT,final_train_mse,first_train_mse,train_time_s
normal,0,svi,0.013547277956865769,0.013341988889137582,0.013904754665335797,0.03925541684022889,0.0,0.044221105527638194,0.0,0.31094527363184077,0.05324510709043331,nan,nan,nan,nan,nan,nan,1.1716489791870117
normal,0,ssvi,0.007105626916436782,0.006969789041701794,0.007340912737047758,0.024688726931136436,0.0,0.0,0.0,0.0,0.0,nan,nan,nan,nan,nan,nan,0.1256272792816162
normal,0,soft_penalty,0.008871405326168674,0.008963605427652696,0.008705083159517459,0.02637782524239657,0.0,0.0,0.0,0.0,0.0,0.0,0.0,0.0,3.879640176036869e-05,0.0002557860527304001,0.004862498492002487,18.942169904708862
normal,0,hard_constrained,0.010757433358883118,0.011717862554845946,0.008794736216763795,0.03910266739710065,0.0,0.0,0.0,0.0,0.0,0.0,0.0,0.0,0.0,0.0002904327877331525,0.0008094619261100888,8.976830244064331
normal,0,hard_no_calib,0.13617956143694215,0.1379352346910546,0.13300115301109505,0.17751842957023192,0.0,0.0,0.0,0.0,0.0,0.0,0.0,0.0,0.0,0.01827935315668583,68.31674194335938,9.12482213973999
normal,0,dugas_style,105.50995866761517,105.53807741237081,105.45995127622479,13.545147246825355,0.0,0.628140703517588,0.0,0.0,0.0,0.0,0.8893851975929028,0.0,0.0,11121.87900390625,130779000.0,2.486849069595337
normal,1,svi,0.015113243469031827,0.01569893452324173,0.014011695437166984,0.0474495865007645,0.0,0.02512562814070352,0.0,0.26616915422885573,0.033565789281725815,nan,nan,nan,nan,nan,nan,0.7692577838897705
normal,1,ssvi,0.007189138116545982,0.007751246720917735,0.006062484454163354,0.025410758337274995,0.0,0.0,0.0,0.0,0.0,nan,nan,nan,nan,nan,nan,0.04094195365905762
normal,1,soft_penalty,0.00998241459176057,0.009880343170826708,0.010161343569692756,0.02699085641980663,0.0,0.0,0.0,0.0,0.0,0.0,0.0,0.0,0.0,0.00024934350221883506,0.0015952904941514134,17.424466848373413
normal,1,hard_constrained,0.010102037472526837,0.008759787311221744,0.012126816233285756,0.031971989678569415,0.0,0.0,0.0,0.0,0.0,0.0,0.0,0.0,0.0,0.00022411558966268786,0.0008069894392974675,8.991949796676636
normal,1,hard_no_calib,0.13980947501157978,0.14423445160176732,0.13157591814172362,0.1731861073151409,0.0,0.0,0.0,0.0,0.0,0.0,0.0,0.0,0.0,0.017469918355345726,68.04389953613281,8.942530870437622
normal,1,dugas_style,119.24354797284859,120.97013298556512,116.11068672037858,14.71540514409174,0.0,1.0,0.0,0.0,0.0,0.0,1.0,0.0,0.0,13481.483447265626,147633952.0,1.9203851222991943
normal,2,svi,0.01650581269073011,0.018515045820449025,0.01213871477181561,0.058279117347675706,0.0,0.0020100502512562816,0.0,0.3345771144278607,0.045244012319345876,nan,nan,nan,nan,nan,nan,1.2450001239776611
normal,2,ssvi,0.0068692481464371425,0.0067376842654613715,0.007097120106513634,0.016247413235039674,0.0,0.0,0.0,0.0,0.0,nan,nan,nan,nan,nan,nan,0.05446577072143555
normal,2,soft_penalty,0.007958537542102018,0.008026476906031012,0.007836302209428133,0.015948737227766546,0.0010050251256281408,0.0,0.0,0.0,0.0,6.203858800173708e-05,0.0,0.0,0.0,0.00034843367175199094,0.12037967145442963,17.60577392578125
normal,2,hard_constrained,0.008577714285919934,0.008762029404037476,0.008239869273749943,0.019430480196244406,0.0,0.0,0.0,0.0,0.0,0.0,0.0,0.0,0.0,0.0003592449938878417,0.0032101243268698454,9.457220077514648
normal,2,hard_no_calib,0.136521590206526,0.13891894494985677,0.13215228696775205,0.18063845438194118,0.0,0.0,0.0,0.0,0.0,0.0,0.0,0.0,0.0,0.01796528697013855,68.92117309570312,8.945662021636963
normal,2,dugas_style,113.395516283956,113.3984099466554,113.39037181237991,14.036085764428904,0.0,0.0,0.0,0.0,0.0,0.0,0.0,0.0,0.0,12857.313623046875,142126304.0,1.8912301063537598
normal,3,svi,0.014256728574180375,0.014416986295159898,0.01396728653989993,0.04034728407142857,0.0,0.06331658291457286,0.0,0.3246268656716418,0.04498030352179369,nan,nan,nan,nan,nan,nan,0.34688782691955566
normal,3,ssvi,0.00766332361918374,0.006967042833687236,0.00876564156722498,0.029838974957040302,0.0,0.0,0.0,0.0,0.0,nan,nan,nan,nan,nan,nan,0.05407381057739258
normal,3,soft_penalty,0.0067037425387205885,0.0057283018090547285,0.008154678512543066,0.020377381067022804,0.0,0.0,0.0,0.0,0.0,0.0,0.0,0.0,1.409256497136857e-05,0.0002595809710328467,0.0028028732631355524,17.42557430267334
normal,3,hard_constrained,0.008086264464656476,0.006708090134010772,0.01008142545516781,0.02050064210168112,0.0,0.0,0.0,0.0,0.0,0.0,0.0,0.0,0.0,0.000252401756006293,0.0005179292638786137,8.927157163619995
normal,3,hard_no_calib,0.13897929063021106,0.14321835434106162,0.13110518604850865,0.17995570630253846,0.0,0.0,0.0,0.0,0.0,0.0,0.0,0.0,0.0,0.017468683421611786,69.37006378173828,8.9570791721344
normal,3,dugas_style,109.2279880008995,111.17791090900043,105.6726539222171,13.874611461117375,0.0,1.0,0.0,0.0,0.0,0.0,1.0,0.0,0.0,11166.38291015625,130147144.0,1.9032609462738037
normal,4,svi,0.015809109333166003,0.014831875037890744,0.017411510156809775,0.04904260358237127,0.0,0.0,0.0,0.31467661691542287,0.02977686185812141,nan,nan,nan,nan,nan,nan,0.6933467388153076
normal,4,ssvi,0.008297666404774843,0.007632110579972839,0.009364803513655045,0.030548311638256435,0.0,0.0,0.0,0.0,0.0,nan,nan,nan,nan,nan,nan,0.08017587661743164
normal,4,soft_penalty,0.012653290587528138,0.011960687572456465,0.013799014908544384,0.04623226061746606,0.0,0.0,0.0,0.0,0.0,0.0,0.0,0.0,0.0,0.00023083304695319383,0.00661899708211422,18.178774118423462
normal,4,hard_constrained,0.012212669486484114,0.01093745818459824,0.014199704750510925,0.04189792453894748,0.0,0.0,0.0,0.0,0.0,0.0,0.0,0.0,0.0,0.00021333107288228347,0.0007608101004734635,8.980730772018433
normal,4,hard_no_calib,0.13759174973418126,0.14097376884249874,0.13136445648411685,0.18103809970808238,0.0,0.0,0.0,0.0,0.0,0.0,0.0,0.0,0.0,0.016943788155913353,68.22733306884766,8.945127248764038
normal,4,dugas_style,111.49835397346357,111.83217456515703,110.90241415178502,14.282596287174853,0.0,1.0,0.0,0.0,0.0,0.0,1.0,0.0,0.0,12298.966796875,139654800.0,1.899888038635254
high_skew,0,svi,0.016187388864651906,0.01737562189957533,0.013825070520352119,0.04940963601663877,0.0,0.044221105527638194,0.0,0.24253731343283583,0.04970571948029052,nan,nan,nan,nan,nan,nan,0.18083405494689941
high_skew,0,ssvi,0.00816932354468479,0.007674348382096932,0.008982181187754328,0.03629153513337939,0.0,0.0,0.0,0.0,0.0,nan,nan,nan,nan,nan,nan,0.07261490821838379
high_skew,0,soft_penalty,0.010720169971006034,0.010631276396668431,0.010876409231930154,0.038641500657849076,0.0,0.0010050251256281408,0.0,0.0012437810945273632,0.000311413347282144,0.0,6.203858800173708e-05,0.0,4.69796820427304e-05,0.0002599299856228754,0.009467190131545067,17.494441986083984
high_skew,0,hard_constrained,0.012343306715044555,0.013575721896203265,0.00977597347521381,0.048637762770873935,0.0,0.0,0.0,0.0,0.0,0.0,0.0,0.0,0.0,0.00030184672941686587,0.0013408241793513298,9.463027000427246
high_skew,0,hard_no_calib,0.13494273280174648,0.1366527887912682,0.13184788097112915,0.18678744691276652,0.0,0.0,0.0,0.0,0.0,0.0,0.0,0.0,0.0,0.01788291707634926,68.0577392578125,9.102839946746826
high_skew,0,dugas_style,105.50472721280786,105.53361822000849,105.45334587838724,13.52559120613875,0.0,0.6562814070351759,0.0,0.0,0.0,0.0,0.8994354488491841,0.0,0.0,11120.486376953126,130778648.0,1.9051828384399414
high_skew,1,svi,0.01492059368404518,0.015661383551964756,0.013503661811693018,0.051603179044574427,0.0,0.011055276381909548,0.0,0.24129353233830847,0.0377267158315909,nan,nan,nan,nan,nan,nan,1.5206332206726074
high_skew,1,ssvi,0.009254372247769491,0.010072211757781934,0.007585761130855213,0.037054859819977824,0.0,0.0,0.0,0.0,0.0,nan,nan,nan,nan,nan,nan,0.04573321342468262
high_skew,1,soft_penalty,0.01159195647057686,0.011344718269767374,0.012018939907345405,0.043765108586569346,0.0,0.0,0.0,0.0,0.0,0.0,0.0,0.0,1.529365961577822e-05,0.0002450043619319331,0.0052484190091490746,17.50364398956299
high_skew,1,hard_constrained,0.013145356760920653,0.012288969330330269,0.014543841132812091,0.045889106080367725,0.0,0.0,0.0,0.0,0.0,0.0,0.0,0.0,0.0,0.0002658070181496441,0.002235541818663478,8.93972897529602
high_skew,1,hard_no_calib,0.1375613724881414,0.1408693350035625,0.1314752056519466,0.1758910930217827,0.0,0.0,0.0,0.0,0.0,0.0,0.0,0.0,0.0,0.01748962700366974,67.90422058105469,8.939377784729004
high_skew,1,dugas_style,119.23639003972673,120.96276168117933,116.1039200821792,14.6877311035545,0.0,1.0,0.0,0.0,0.0,0.0,1.0,0.0,0.0,13479.91220703125,147633728.0,1.8972089290618896
high_skew,2,svi,0.014460743841137175,0.01597782004992453,0.011270295639474117,0.05873409456940988,0.0,0.02613065326633166,0.0,0.26741293532338306,0.035886393957416496,nan,nan,nan,nan,nan,nan,0.35576391220092773
high_skew,2,ssvi,0.008391080676339497,0.008282506591184582,0.008580709799652654,0.02700703656007472,0.0,0.0,0.0,0.0,0.0,nan,nan,nan,nan,nan,nan,0.0492091178894043
high_skew,2,soft_penalty,0.010294386070427344,0.010649069969267521,0.009631640882526066,0.023294721578725933,0.0,0.01407035175879397,0.0,0.0,0.0,0.0,0.004280662572119859,0.0,0.0,0.0003693403850775212,0.13569426536560059,18.048637866973877
high_skew,2,hard_constrained,0.011958795119746325,0.012665059263927273,0.010587518329308928,0.029440751251335,0.0,0.0,0.0,0.0,0.0,0.0,0.0,0.0,0.0,0.0004132932852371596,0.008098619058728218,9.005744934082031
high_skew,2,hard_no_calib,0.1354353414449883,0.13823367273050008,0.13031224057070098,0.1921548371640457,0.0,0.0,0.0,0.0,0.0,0.0,0.0,0.0,0.0,0.01749389637261629,68.67975616455078,8.927879095077515
high_skew,2,dugas_style,113.39073566829416,113.3942607211975,113.38446863698029,14.015262231190254,0.0,0.0,0.0,0.0,0.0,0.0,0.0,0.0,0.0,12855.976611328126,142125968.0,1.9027411937713623
high_skew,3,svi,0.01528654799670367,0.01595074512082267,0.014028318275850122,0.039884536951313776,0.0,0.07839195979899498,0.0,0.3482587064676617,0.05749180145408266,nan,nan,nan,nan,nan,nan,0.40114617347717285
high_skew,3,ssvi,0.009669930168447367,0.008991591223673632,0.010770893560517103,0.04246503271761803,0.0,0.0,0.0,0.0,0.0,nan,nan,nan,nan,nan,nan,0.04891633987426758
high_skew,3,soft_penalty,0.009375701947069808,0.00843621414987754,0.010846808686253762,0.030605716930291536,0.0,0.0,0.0,0.0,0.0,0.0,0.0,0.0,0.0,0.00027182120247744025,0.006224917247891426,17.4304039478302
high_skew,3,hard_constrained,0.010253169633249199,0.009387957774031303,0.011633510836910716,0.02804795899263514,0.0,0.0,0.0,0.0,0.0,0.0,0.0,0.0,0.0,0.00031622880487702787,0.001727528404444456,9.2777578830719
high_skew,3,hard_no_calib,0.1379342774566389,0.1419388570847266,0.13051198158229294,0.18534746484377962,0.0,0.0,0.0,0.0,0.0,0.0,0.0,0.0,0.0,0.01734355464577675,69.20606231689453,8.970576047897339
high_skew,3,dugas_style,109.22090110528154,111.1705464419921,105.66608023857479,13.841195782256449,0.0,1.0,0.0,0.0,0.0,0.0,1.0,0.0,0.0,11164.99423828125,130146920.0,1.9068248271942139
high_skew,4,svi,0.015981124412268802,0.015298167621013074,0.017128162371565926,0.04791929579017685,0.0,0.0,0.0,0.3072139303482587,0.02738137342716969,nan,nan,nan,nan,nan,nan,0.6180598735809326
high_skew,4,ssvi,0.012671645935968394,0.012020230687573094,0.013753747512118794,0.04394935570575379,0.0,0.0,0.0,0.0,0.0,nan,nan,nan,nan,nan,nan,0.1624150276184082
high_skew,4,soft_penalty,0.013797994634680651,0.013291836494195035,0.014654728930554436,0.04746819337733487,0.0,0.0,0.0,0.0,0.0,0.0,0.0,0.0,0.0,0.00023814353917259723,0.010424981825053692,17.598787784576416
high_skew,4,hard_constrained,0.014148498002206345,0.01352790668009341,0.015189293548914531,0.0492921565910683,0.0,0.0,0.0,0.0,0.0,0.0,0.0,0.0,0.0,0.0002597204671474174,0.004226113669574261,8.944614171981812
high_skew,4,hard_no_calib,0.13803924807937812,0.14168242075153256,0.13131316116562025,0.20205116137206774,0.0,0.0,0.0,0.0,0.0,0.0,0.0,0.0,0.0,0.016772296279668808,68.0452880859375,8.925843954086304
high_skew,4,dugas_style,111.49234376583824,111.8262680072628,110.89621799837178,14.255764953283414,0.0,1.0,0.0,0.0,0.0,0.0,1.0,0.0,0.0,12297.591796875,139654560.0,1.9056389331817627
stressed,0,svi,0.017522289183933,0.01938687346987291,0.01358983136656307,0.03254024141067441,0.0,0.10954773869346733,0.0,0.21641791044776118,0.04470455163440515,nan,nan,nan,nan,nan,nan,0.22952604293823242
stressed,0,ssvi,0.012092260678462313,0.011564343266493115,0.012977864252182088,0.025853879580033743,0.0,0.0,0.0,0.0,0.0,nan,nan,nan,nan,nan,nan,0.04117894172668457
stressed,0,soft_penalty,0.013129564399754216,0.014323889117234428,0.01068152996790411,0.018015049177908284,0.0,0.034170854271356785,0.0,0.0,0.0,0.0,0.012655871952354365,0.0,3.099681341450777e-05,0.00023547963355667888,0.05686800926923752,17.872973203659058
stressed,0,hard_constrained,0.017300207918773767,0.018811896707231334,0.014221386583606334,0.041471234461846924,0.0,0.0,0.0,0.0,0.0,0.0,0.0,0.0,0.0,0.00036676782910944895,0.00442243879660964,9.242691040039062
stressed,0,hard_no_calib,0.10946110048058005,0.10936351690968421,0.10963436792195255,0.18244586667616755,0.0,0.0,0.0,0.0,0.0,0.0,0.0,0.0,0.0,0.012713044509291649,66.06112670898438,9.197661876678467
stressed,0,dugas_style,105.45265443508409,105.4836512616564,105.39752645699653,13.272371949404475,0.0,0.700502512562814,0.0,0.0,0.0,0.0,0.9158756746696445,0.0,0.0,11108.7177734375,130775776.0,1.903231143951416
stressed,1,svi,0.016130958069239504,0.017244844789172754,0.013932537684405995,0.042176278653664794,0.0,0.0,0.0,0.1890547263681592,0.03471261539034019,nan,nan,nan,nan,nan,nan,1.387166976928711
stressed,1,ssvi,0.013221953288552956,0.014487613671583898,0.010605271334806793,0.03954592261526672,0.0,0.0,0.0,0.0,0.0,nan,nan,nan,nan,nan,nan,0.03743886947631836
stressed,1,soft_penalty,0.011838129539764692,0.011936043803521795,0.011662030069764292,0.025139140564558064,0.0010050251256281408,0.0,0.0,0.0,0.0,6.203858800173708e-05,0.0,0.0,0.0,0.00024646594320074653,0.034825392067432404,17.49960994720459
stressed,1,hard_constrained,0.016878448013793994,0.0168673187230322,0.016898215321246936,0.03962688920257752,0.0,0.0,0.0,0.0,0.0,0.0,0.0,0.0,0.0,0.00033779698278522117,0.006869412958621979,8.980114221572876
stressed,1,hard_no_calib,0.10863247071007749,0.11009927530913763,0.10597470114074897,0.16341713166693103,0.0,0.0,0.0,0.0,0.0,0.0,0.0,0.0,0.0,0.011359522258862853,66.06021881103516,9.16708493232727
stressed,1,dugas_style,119.17996887438578,120.90802732129524,116.04434372297125,14.455891780298202,0.0,1.0,0.0,0.0,0.0,0.0,1.0,0.0,0.0,13466.0830078125,147630848.0,1.9080867767333984
stressed,2,svi,0.012846291559553911,0.013853083695166218,0.010827707898320502,0.028543878467311542,0.0,0.0,0.0,0.10820895522388059,0.01654561871065785,nan,nan,nan,nan,nan,nan,0.27555298805236816
stressed,2,ssvi,0.01284696050395545,0.012845804247055965,0.01284901581486512,0.030998338790862775,0.0,0.0,0.0,0.0,0.0,nan,nan,nan,nan,nan,nan,0.044284820556640625
stressed,2,soft_penalty,0.026733319469451986,0.027889419464556316,0.024543937376049495,0.06865386280615678,0.0,0.008040201005025126,0.0,0.0,0.0,0.0,0.004901048452137229,0.0006840796019900498,0.00015896026810202635,0.0007236092074890621,0.24470579624176025,17.65740394592285
stressed,2,hard_constrained,0.017496884219463275,0.018944695796842808,0.014572043071023812,0.03456803186104002,0.0,0.0,0.0,0.0,0.0,0.0,0.0,0.0,0.0,0.0005134711769642309,0.026965729892253876,8.95810604095459
stressed,2,hard_no_calib,0.1090166920781702,0.11279145634068499,0.10196152695797792,0.18161492647766242,0.0,0.0,0.0,0.0,0.0,0.0,0.0,0.0,0.0,0.010848314687609672,66.8050537109375,8.952131032943726
stressed,2,dugas_style,113.34014937259302,113.3453066193402,113.33098035445978,13.785951713066497,0.0,0.0,0.0,0.0,0.0,0.0,0.0,0.0,0.0,12843.849609375,142123232.0,1.9385130405426025
stressed,3,svi,0.016875177838292316,0.018225295488761388,0.014160619675734313,0.030516284325074017,0.0,0.08442211055276382,0.0,0.21890547263681592,0.06125567091329767,nan,nan,nan,nan,nan,nan,0.1568129062652588
stressed,3,ssvi,0.012529634865486711,0.011726227115919377,0.013843262735892458,0.03561564893268091,0.0,0.0,0.0,0.0,0.0,nan,nan,nan,nan,nan,nan,0.0360713005065918
stressed,3,soft_penalty,0.010475799271112427,0.010155884426848562,0.011021632483196696,0.021330166973077654,0.0,0.0,0.0,0.0,0.0,0.0,0.0,0.0,0.0,0.00025504931109026073,0.04056690260767937,18.21368384361267
stressed,3,hard_constrained,0.014269707584124413,0.01356616599127154,0.015441502906729158,0.025393494941874414,0.0,0.0,0.0,0.0,0.0,0.0,0.0,0.0,0.0,0.0004239696354488842,0.0058105443604290485,8.977492094039917
stressed,3,hard_no_calib,0.11062994563455844,0.11557824447177133,0.10123752721792961,0.1613243012519172,0.0,0.0,0.0,0.0,0.0,0.0,0.0,0.0,0.0,0.010990330344066023,67.30058288574219,9.07229208946228
stressed,3,dugas_style,109.16584751988688,111.11727886888217,105.60763966829764,13.604977386133498,0.0,1.0,0.0,0.0,0.0,0.0,1.0,0.0,0.0,11152.64853515625,130144264.0,1.9237120151519775
stressed,4,svi,0.016453602898205043,0.015940096205357395,0.017328972322285228,0.036961967368940064,0.0,0.0,0.0,0.16044776119402984,0.017814276677308755,nan,nan,nan,nan,nan,nan,0.29874086380004883
stressed,4,ssvi,0.01677890146557364,0.016104674802268244,0.017914983027860334,0.03609477981192891,0.0,0.0,0.0,0.0,0.0,nan,nan,nan,nan,nan,nan,0.048520803451538086
stressed,4,soft_penalty,0.014629135499528092,0.013657611798072365,0.016213178371515827,0.030848341704718,0.0010050251256281408,0.0,0.0,0.0,0.0,6.203858800173708e-05,0.0,0.0,0.0,0.00023739217795082368,0.05974626541137695,17.702420949935913
stressed,4,hard_constrained,0.022302207811374933,0.022615052507897703,0.02173492384922454,0.0531322885639452,0.0,0.0,0.0,0.0,0.0,0.0,0.0,0.0,0.0,0.0004333015123847872,0.020258575677871704,8.940828800201416
stressed,4,hard_no_calib,0.11440580360732541,0.11923063579716961,0.10528378859824049,0.18545198418011233,0.0,0.0,0.0,0.0,0.0,0.0,0.0,0.0,0.0,0.0107570830732584,65.99177551269531,9.28198790550232
stressed,4,dugas_style,111.43512242167188,111.77183035510505,110.83400488690722,14.019884763232774,0.0,1.0,0.0,0.0,0.0,0.0,1.0,0.0,0.0,12283.798828125,139651552.0,1.9043867588043213
