regime,seed,model,rmse_all,rmse_heldout,rmse_train_pts,iv_rmse_all,butterfly_violation_rate,durrleman_violation_rate,nonpositive_rate,calendar_violation_rate,calendar_max_violation,butterfly_violation_rate_denseT,durrleman_violation_rate_denseT,calendar_violation_rate_denseT,calendar_max_violation_denseT,final_train_mse,first_train_mse,train_time_s,rmse_distorted_vs_truth,rmse_distorted_vs_target
normal,0,svi,0.02169310208399551,0.02371117363529826,0.017541224042092782,0.0805089727015635,0.0,0.054271356783919596,0.01990049751243781,0.3781094527363184,0.09154063875775618,nan,nan,nan,nan,nan,nan,1.1579678058624268,0.05109767189559614,0.030336451799541347
normal,0,ssvi,0.007689148157986691,0.007514194212198894,0.007990724833959127,0.024001137859648868,0.0,0.0,0.0,0.0,0.0,nan,nan,nan,nan,nan,nan,0.06480002403259277,0.010581039366634204,0.02625432610168358
normal,0,soft_penalty,0.010587866539009758,0.011167094945747523,0.00947105997681372,0.028303540845353397,0.0,0.0,0.0,0.011194029850746268,0.0016353851524102403,0.0,0.0,0.0006218905472636816,0.00012061939645398312,0.0003618658127379604,0.004699493292719126,18.27221393585205,0.013362518940307419,0.02383253382764778
normal,0,hard_constrained,0.010688845348584764,0.011444216011995505,0.009193984084302229,0.0336938397220365,0.0,0.0,0.0,0.0,0.0,0.0,0.0,0.0,0.0,0.0004148860840359703,0.0008750673732720315,8.943766117095947,0.010080242147138667,0.030880768581248195
normal,0,hard_no_calib,0.13498232223964643,0.13671516219055874,0.13184549617957345,0.17616550358358077,0.0,0.0,0.0,0.0,0.0,0.0,0.0,0.0,0.0,0.018898316100239752,68.3642578125,8.854333877563477,0.1267139574739433,0.16298590223498777
normal,0,dugas_style,105.50860767588155,105.53672459320818,105.45860353542339,13.545000730128587,0.0,0.628140703517588,0.0,0.0,0.0,0.0,0.8893851975929028,0.0,0.0,11122.025390625,130779056.0,1.8919868469238281,65.89876029205364,65.9352686994762
normal,1,svi,0.018284638375490516,0.018561464225102877,0.017781865750705835,0.057442892372135936,0.0,0.04824120603015075,0.0,0.3271144278606965,0.04079833211031082,nan,nan,nan,nan,nan,nan,0.7778940200805664,0.036541015152062824,0.012846412357076254
normal,1,ssvi,0.01357527985247482,0.014597176969173684,0.01153720729406108,0.05385485107015159,0.0,0.0,0.0,0.0,0.0,nan,nan,nan,nan,nan,nan,0.05770111083984375,0.02364164355713056,0.013570830946115083
normal,1,soft_penalty,0.013270544518308537,0.01372471942010652,0.012422189039241366,0.05485726439768765,0.0,0.0,0.0,0.0,0.0,0.0,0.0,0.0,0.0,0.00038067710411269216,0.0018802732229232788,18.15451717376709,0.01868643567975332,0.017778106418596895
normal,1,hard_constrained,0.012357414113529239,0.011705247698627196,0.013438902527743907,0.03645013015064646,0.0,0.0,0.0,0.0,0.0,0.0,0.0,0.0,0.0,0.0003179009814630263,0.0010446778032928705,8.86258602142334,0.01740859606821663,0.019467449168958147
normal,1,hard_no_calib,0.13857117272527159,0.14293471656845536,0.13045387288376073,0.17183486038459517,0.0,0.0,0.0,0.0,0.0,0.0,0.0,0.0,0.0,0.018134448677301407,68.08622741699219,8.851253032684326,0.12678882661001808,0.1625097073799279
normal,1,dugas_style,119.24219160392605,120.96875239152766,116.10937448040657,14.715272427931739,0.0,1.0,0.0,0.0,0.0,0.0,1.0,0.0,0.0,13481.66796875,147634000.0,1.8930959701538086,76.88988673275936,76.92566303688858
normal,2,svi,0.02036195493018702,0.022449481894295045,0.015991533931419576,0.06945911844101668,0.0,0.0763819095477387,0.0,0.2537313432835821,0.06494700431049179,nan,nan,nan,nan,nan,nan,1.2499871253967285,0.03846372288161144,0.016213112657625036
normal,2,ssvi,0.009642130235894032,0.009981386999230285,0.009007512323327638,0.028088867119825923,0.0,0.0,0.0,0.0,0.0,nan,nan,nan,nan,nan,nan,0.05672001838684082,0.017391796367643327,0.023159107488390195
normal,2,soft_penalty,0.011308504914488484,0.011705583786593154,0.010565804467799852,0.02706593375478966,0.0,0.0,0.0,0.0,0.0,0.0,0.0,0.0,0.0,0.00040609766583656894,0.11877702921628952,17.40968894958496,0.01600322900906746,0.024618408085557014
normal,2,hard_constrained,0.01008844682718271,0.010578061585391147,0.009153583355125507,0.02284641797252128,0.0,0.0,0.0,0.0,0.0,0.0,0.0,0.0,0.0,0.0004616310819983482,0.003365493146702647,8.83030891418457,0.01385207693143393,0.02684565592529906
normal,2,hard_no_calib,0.13554417126359702,0.13793447742413106,0.1311872445070163,0.17935362657294196,0.0,0.0,0.0,0.0,0.0,0.0,0.0,0.0,0.0,0.018539849668741226,68.95887756347656,9.36229681968689,0.12663968342373477,0.16672862606213118
normal,2,dugas_style,113.39443336129236,113.39732682462414,113.38928924417093,14.035972197958385,0.0,0.0,0.0,0.0,0.0,0.0,0.0,0.0,0.0,12857.4501953125,142126352.0,1.8939201831817627,70.59480275979932,70.63490274860723
normal,3,svi,0.025757567135660492,0.027179474054903667,0.023013825941721137,0.09282455290355299,0.0,0.11658291457286432,0.025870646766169153,0.30845771144278605,0.10917377908165524,nan,nan,nan,nan,nan,nan,0.34704113006591797,0.06551695152336466,0.03284749750218483
normal,3,ssvi,0.014331698585208752,0.014368105213982693,0.014266746298027908,0.05332056917371085,0.0,0.0,0.0,0.0,0.0,nan,nan,nan,nan,nan,nan,0.07265996932983398,0.029178072713311274,0.019991511334613295
normal,3,soft_penalty,0.013005539859745674,0.01265038277941105,0.013614072476815729,0.03877354869376326,0.0,0.0,0.0,0.011194029850746268,0.0001242844671643928,0.0,0.0,0.0,4.859868436926651e-05,0.0004103152547031641,0.003127734176814556,17.44265913963318,0.02524132868863011,0.023386477762905818
normal,3,hard_constrained,0.012416202120756177,0.011781887831234305,0.013470320394202302,0.03027338969087971,0.0,0.0,0.0,0.0,0.0,0.0,0.0,0.0,0.0,0.0004715070012025535,0.0008466556901112199,8.845639944076538,0.02287986212534624,0.024663006054829417
normal,3,hard_no_calib,0.13731523553302769,0.14150326875795377,0.12953594380209707,0.17806776526240642,0.0,0.0,0.0,0.0,0.0,0.0,0.0,0.0,0.0,0.01845591887831688,69.43065643310547,8.838309049606323,0.1245075522898339,0.17101297536326512
normal,3,dugas_style,109.22603377949162,111.1759108385619,105.67078381433548,13.874411073895761,0.0,1.0,0.0,0.0,0.0,0.0,1.0,0.0,0.0,11166.614306640626,130147216.0,1.8886840343475342,68.49084956473186,68.53770626371237
normal,4,svi,0.017726874871831964,0.017275841465442747,0.018501582949136213,0.05431945691578119,0.0,0.0,0.0,0.39427860696517414,0.0558138604870099,nan,nan,nan,nan,nan,nan,0.5851240158081055,0.025410901498334776,0.016817510642857685
normal,4,ssvi,0.010055030364679519,0.009298081024213294,0.011275942528431011,0.028436848396763817,0.0,0.0,0.0,0.0,0.0,nan,nan,nan,nan,nan,nan,0.1010887622833252,0.011614742224236727,0.027876554038306425
normal,4,soft_penalty,0.011506417761008095,0.010738912828301467,0.01275736502978808,0.03948905573699446,0.007035175879396985,0.0,0.0,0.0,0.0,0.00043427011601215957,0.0,0.0,0.0,0.0002445645586703904,0.006241012830287218,18.0021071434021,0.008019531256154776,0.038922518220398834
normal,4,hard_constrained,0.012146709610125908,0.010591191286889082,0.01450590122371859,0.03509244359429698,0.0,0.0,0.0,0.0,0.0,0.0,0.0,0.0,0.0,0.00021939433936495333,0.0009367280290462077,8.853416919708252,0.011259077950872057,0.030623657176307977
normal,4,hard_no_calib,0.13631910571701011,0.13968994245823255,0.13011105692334327,0.17969316134975793,0.0,0.0,0.0,0.0,0.0,0.0,0.0,0.0,0.0,0.017500389367341995,68.27641296386719,8.865863800048828,0.12521717571993235,0.1642200009188947
normal,4,dugas_style,111.49688860378214,111.8307049093234,110.90095643302948,14.282445274978796,0.0,1.0,0.0,0.0,0.0,0.0,1.0,0.0,0.0,12299.147509765626,139654880.0,1.902104139328003,72.57376247537587,72.61265818527059
high_skew,0,svi,0.02474821677294712,0.027919429586769913,0.017763705384262456,0.08867405475466786,0.0,0.0864321608040201,0.03781094527363184,0.31840796019900497,0.10237170695661926,nan,nan,nan,nan,nan,nan,0.19280099868774414,0.05836356553767166,0.036852729046850934
high_skew,0,ssvi,0.009813125717726402,0.009605557408578803,0.010171682799296467,0.0376736169295186,0.0,0.0,0.0,0.0,0.0,nan,nan,nan,nan,nan,nan,0.05908799171447754,0.013926557106508837,0.02509484281874181
high_skew,0,soft_penalty,0.010998590056005852,0.011306499500908503,0.010428772619148223,0.03592413674156393,0.0010050251256281408,0.004020100502512563,0.0,0.0024875621890547263,0.001004817661595478,0.00012407717600347416,0.0008685402320243191,0.0,9.091514520752353e-05,0.00038120577664813027,0.009186866693198681,17.43245220184326,0.015416443905297044,0.023830996166600983
high_skew,0,hard_constrained,0.012642045041291098,0.013636499315024182,0.010647204920397032,0.04108454525670827,0.0,0.0,0.0,0.0,0.0,0.0,0.0,0.0,0.0,0.00042844114650506524,0.0012356056831777096,8.983165979385376,0.013759692742302659,0.03217395699686566
high_skew,0,hard_no_calib,0.13367329294397015,0.13534204978968256,0.13065399772841285,0.18554236472063546,0.0,0.0,0.0,0.0,0.0,0.0,0.0,0.0,0.0,0.018522577360272408,68.10836791992188,8.852326154708862,0.12482585183630714,0.16271679748120613
high_skew,0,dugas_style,105.50330190254931,105.53219040721434,105.45192502020315,13.525437199909918,0.0,0.6552763819095477,0.0,0.0,0.0,0.0,0.8994354488491841,0.0,0.0,11120.646484375,130778728.0,1.9085109233856201,65.8951650916433,65.93375223317854
high_skew,1,svi,0.019834169345042604,0.02009654889191997,0.019358938223726176,0.06729335818174757,0.0,0.15577889447236182,0.0,0.30597014925373134,0.05197086504552185,nan,nan,nan,nan,nan,nan,1.6540749073028564,0.043666930950954655,0.013515935213126103
high_skew,1,ssvi,0.016230248153284856,0.0172973102022174,0.014135742067627388,0.06743169587538943,0.0,0.04120603015075377,0.0,0.0,0.0,nan,nan,nan,nan,nan,nan,0.04277920722961426,0.02901563854812355,0.014636126813098147
high_skew,1,soft_penalty,0.014339966356507366,0.014767260868398692,0.01354709473059999,0.05102378888006244,0.0,0.0,0.0,0.0,0.0,0.0,0.00018611576400521124,0.0,6.174824809385138e-05,0.00032291190582327544,0.005501235835254192,17.603933811187744,0.02455886502132552,0.018624316803925987
high_skew,1,hard_constrained,0.016037169480637756,0.015901760180114126,0.01627511561506525,0.046422204173506426,0.0,0.0,0.0,0.0,0.0,0.0,0.0,0.0,0.0,0.0004012566278106533,0.0026277131401002407,8.882282018661499,0.02214041786515895,0.023764068634619478
high_skew,1,hard_no_calib,0.13601158791019308,0.1392240681546044,0.130104805056888,0.17448313524341952,0.0,0.0,0.0,0.0,0.0,0.0,0.0,0.0,0.0,0.018321923911571503,67.95809936523438,8.856251001358032,0.12042330951500894,0.1628528374367507
high_skew,1,dugas_style,119.23466302346188,120.96100499945047,116.10224706904275,14.687562246621534,0.0,1.0,0.0,0.0,0.0,0.0,1.0,0.0,0.0,13480.1455078125,147633808.0,1.901709794998169,76.88070463922477,76.92320855565222
high_skew,2,svi,0.020202711881415612,0.022168218397746145,0.016127480595432817,0.07015674463816127,0.0,0.07537688442211055,0.0,0.2512437810945274,0.06314488097810458,nan,nan,nan,nan,nan,nan,0.32610297203063965,0.04172869476938726,0.017994127380302267
high_skew,2,ssvi,0.011917428583936024,0.012025045999950282,0.01172366979194778,0.038094507996952215,0.0,0.0,0.0,0.0,0.0,nan,nan,nan,nan,nan,nan,0.050637006759643555,0.019168533298187275,0.02690170765907458
high_skew,2,soft_penalty,0.013490015145095754,0.013914015784444919,0.012701335675065848,0.02860360942343308,0.0,0.0,0.0,0.004975124378109453,0.002182502118945051,0.0,0.0,0.0,9.090061748073808e-05,0.00042913512006634844,0.1339392066001892,17.735102891921997,0.018818104932395444,0.02661505441520767
high_skew,2,hard_constrained,0.013708630941412826,0.01445767514457508,0.012264556556822598,0.0314092325731688,0.0,0.0,0.0,0.0,0.0,0.0,0.0,0.0,0.0,0.00056196216319222,0.00823238119482994,9.62894606590271,0.017053933791000255,0.03256485720990765
high_skew,2,hard_no_calib,0.13437833911484606,0.13716404378228772,0.1292778455172617,0.19083093363635198,0.0,0.0,0.0,0.0,0.0,0.0,0.0,0.0,0.0,0.01812628097832203,68.7205581665039,9.032442092895508,0.12398146215903069,0.1680726618861398
high_skew,2,dugas_style,113.38954748148926,113.39307233910681,113.38328079737728,14.015137442800178,0.0,0.0,0.0,0.0,0.0,0.0,0.0,0.0,0.0,12856.119140625,142126032.0,1.9081687927246094,70.58978071182354,70.63473582026684
high_skew,3,svi,0.024573442413478624,0.026296228331939092,0.02116728558004896,0.07479340388251295,0.0,0.08040201005025126,0.0029850746268656717,0.3781094527363184,0.11275159458407776,nan,nan,nan,nan,nan,nan,0.41103219985961914,0.06068004819439392,0.03445116792818018
high_skew,3,ssvi,0.014971101029967177,0.014845333945389928,0.015192116420604335,0.05846958200064752,0.0,0.0,0.0,0.0,0.0,nan,nan,nan,nan,nan,nan,0.04944109916687012,0.025662754944048075,0.01862173782045766
high_skew,3,soft_penalty,0.013326930979616645,0.013195445805311196,0.013557534163589924,0.04196476153838959,0.0,0.0,0.0,0.0,0.0,0.0,0.0,0.0,0.0,0.00044702387822326273,0.006329210475087166,18.000853061676025,0.019803144405094453,0.023019532500169717
high_skew,3,hard_constrained,0.013310127485598372,0.01241490925927134,0.014768238409268613,0.03224478021731753,0.0,0.0,0.0,0.0,0.0,0.0,0.0,0.0,0.0,0.0004969255736796185,0.001923127332702279,8.877415895462036,0.018531564079840104,0.02712116151524138
high_skew,3,hard_no_calib,0.13656947739502814,0.14052910255597528,0.12923092821069165,0.18418858689398315,0.0,0.0,0.0,0.0,0.0,0.0,0.0,0.0,0.0,0.018116598948836327,69.25728607177734,8.861035108566284,0.12121691124315556,0.16320405883584724
high_skew,3,dugas_style,109.21927931215451,111.16889236712593,105.66451746211924,13.841028312932906,0.0,1.0,0.0,0.0,0.0,0.0,1.0,0.0,0.0,11165.188525390626,130146984.0,1.8836250305175781,68.4842615874386,68.52599551770375
high_skew,4,svi,0.017906438220760622,0.017658333406138874,0.01833922761287085,0.05411445662587927,0.0,0.036180904522613064,0.0,0.39303482587064675,0.06230005890761168,nan,nan,nan,nan,nan,nan,0.5699090957641602,0.02620918500342733,0.01683062248482778
high_skew,4,ssvi,0.012500212292172947,0.01145053853645434,0.014175665217930405,0.03618925009984183,0.0,0.0,0.0,0.0,0.0,nan,nan,nan,nan,nan,nan,0.1285848617553711,0.008217519669118538,0.03351385891719497
high_skew,4,soft_penalty,0.011099149117681971,0.010483089583048465,0.01211727464368308,0.03610213769357204,0.0,0.0,0.0,0.0,0.0,0.0,0.0,0.0,2.997358357389318e-05,0.00026145589945372196,0.00996903982013464,18.06922221183777,0.006783332837658137,0.03943286362167761
high_skew,4,hard_constrained,0.013606374787947403,0.012593490375499887,0.015241755054773189,0.04034716761914374,0.0,0.0,0.0,0.0,0.0,0.0,0.0,0.0,0.0,0.0002799087364110164,0.004701592028141022,8.887910842895508,0.012050655375153534,0.03607056180666506
high_skew,4,hard_no_calib,0.13676035231910416,0.14038396838720374,0.13006934555540703,0.20098132159051946,0.0,0.0,0.0,0.0,0.0,0.0,0.0,0.0,0.0,0.017336368281394243,68.09556579589844,8.888087034225464,0.12479658871032577,0.16474818535573446
high_skew,4,dugas_style,111.49083397761136,111.8247522004117,110.89471896585655,14.25560875836193,0.0,1.0,0.0,0.0,0.0,0.0,1.0,0.0,0.0,12297.77734375,139654624.0,1.9009621143341064,72.57043146227873,72.61064678103553
stressed,0,svi,0.024244889993664507,0.027178956262787515,0.017876852362669293,0.0479458798211497,0.0,0.12864321608040202,0.0,0.29850746268656714,0.054156361761826394,nan,nan,nan,nan,nan,nan,0.245697021484375,0.0493041498011364,0.016963376348539096
stressed,0,ssvi,0.015196230014351724,0.015897260555360473,0.013862695246943961,0.03506139033853466,0.0,0.0,0.0,0.0,0.0,nan,nan,nan,nan,nan,nan,0.04741406440734863,0.025525843334977937,0.021405657852054262
stressed,0,soft_penalty,0.012125573069310764,0.012723877011921422,0.01098172885118137,0.02265068852732684,0.0,0.05025125628140704,0.0,0.0,8.010689536153137e-05,0.0,0.03430733916496061,0.0,6.058404626213543e-05,0.00038060503138694914,0.055915798991918564,17.619258165359497,0.011280145265842907,0.030490698067490295
stressed,0,hard_constrained,0.01685502098525954,0.01806020536000771,0.0144666552534827,0.03432756264424505,0.0,0.0,0.0,0.0,0.0,0.0,0.0,0.0,0.0,0.0005069642356829718,0.004370376467704773,9.409394979476929,0.016698647916470518,0.03362645014720997
stressed,0,hard_no_calib,0.10805767382234022,0.10787455254802567,0.10838245880952926,0.18304602570601944,0.0,0.0,0.0,0.0,0.0,0.0,0.0,0.0,0.0,0.013249360444024205,66.11323547363281,8.867002964019775,0.0958149339621742,0.13641856576584266
stressed,0,dugas_style,105.45115328513813,105.48214894310436,105.39602738594951,13.272208993754393,0.0,0.699497487437186,0.0,0.0,0.0,0.0,0.9158756746696445,0.0,0.0,11108.877978515626,130775856.0,1.8889143466949463,65.85620784081462,65.89765042665775
stressed,1,svi,0.01990030743542314,0.02083075466090467,0.018128646651468225,0.04799824517183833,0.0,0.07035175879396985,0.0,0.23383084577114427,0.06685346355961072,nan,nan,nan,nan,nan,nan,1.420910120010376,0.03938078181616707,0.013224706109084591
stressed,1,ssvi,0.018574314160671877,0.020471525704149462,0.014605154451589112,0.058458248891561496,0.0,0.0592964824120603,0.0,0.0,0.0,nan,nan,nan,nan,nan,nan,0.04544472694396973,0.029230254883848807,0.013145747046537794
stressed,1,soft_penalty,0.01679797509669759,0.017501950926667707,0.015467552431174026,0.040065713672122215,0.0,0.007035175879396985,0.0,0.0,0.0,0.0,0.0281034803647869,0.0,0.0,0.0003068162492127158,0.03440483286976814,17.5210862159729,0.026741634045259997,0.014112243742697659
stressed,1,hard_constrained,0.019095122015697227,0.019682187811446917,0.018004245941005786,0.03911795261584724,0.0,0.0,0.0,0.0,0.0,0.0,0.0,0.0,0.0,0.00044447487307479604,0.0073637287132442,8.856520891189575,0.024730976593221165,0.022601169764543887
stressed,1,hard_no_calib,0.10726045726603554,0.10858917338706056,0.10485673034765859,0.16398835737750478,0.0,0.0,0.0,0.0,0.0,0.0,0.0,0.0,0.0,0.011976189166307449,66.10527038574219,8.816830158233643,0.09624126420870703,0.1345695892261065
stressed,1,dugas_style,119.17849756592395,120.90652901160689,116.04292162319405,14.455748009647921,0.0,1.0,0.0,0.0,0.0,0.0,1.0,0.0,0.0,13466.2802734375,147630928.0,1.9274060726165771,76.84303204614784,76.88252473544067
stressed,2,svi,0.02191222590097197,0.023715104278613813,0.018273059596795132,0.04182324242364283,0.0,0.07336683417085427,0.0,0.17412935323383086,0.06049902870280871,nan,nan,nan,nan,nan,nan,0.25818610191345215,0.0521123206569589,0.019614102629388702
stressed,2,ssvi,0.017771494955931777,0.01857918498557736,0.016236697079848556,0.04146344493705249,0.0,0.0,0.0,0.0,0.0,nan,nan,nan,nan,nan,nan,0.04455685615539551,0.033044511855685056,0.024446163781591954
stressed,2,soft_penalty,0.014715746403014407,0.015558634023334749,0.013083884583684832,0.02392991916782874,0.0,0.020100502512562814,0.0,0.0,0.0,0.0,0.00297785222408338,0.0,0.0,0.00043025297054555267,0.2418820559978485,17.826292037963867,0.02879062986281671,0.02835237982882457
stressed,2,hard_constrained,0.02011435861543448,0.02193772974048774,0.016379057712995367,0.036569659344605945,0.0,0.0,0.0,0.0,0.0,0.0,0.0,0.0,0.0,0.000665868041687645,0.027096334844827652,8.860444068908691,0.02983855418194998,0.031587267561333496
stressed,2,hard_no_calib,0.10768956569845158,0.11143265986668063,0.1006921938100988,0.18196173278577524,0.0,0.0,0.0,0.0,0.0,0.0,0.0,0.0,0.0,0.011474183853715658,66.85511779785156,8.862694263458252,0.08603027577859004,0.13911653281121036
stressed,2,dugas_style,113.33867541038235,113.34383250015713,113.32950667133893,13.785797324093078,0.0,0.0,0.0,0.0,0.0,0.0,0.0,0.0,0.0,12844.029345703126,142123280.0,1.8917300701141357,70.54141122882268,70.59595093149406
stressed,3,svi,0.030493656793743,0.03300201505310498,0.02543062382972071,0.05372544641446269,0.0,0.07839195979899498,0.0,0.20522388059701493,0.1397780301821151,nan,nan,nan,nan,nan,nan,0.15216994285583496,0.07764803325298282,0.0435259103983617
stressed,3,ssvi,0.020140323205578868,0.01956510884688457,0.021124287558222883,0.049789349636599055,0.0,0.0,0.0,0.0,0.0,nan,nan,nan,nan,nan,nan,0.03866910934448242,0.033165072364676765,0.02164271494989214
stressed,3,soft_penalty,0.01916602708390971,0.018777501761466392,0.019837959393543804,0.03606771979649947,0.0,0.009045226130653266,0.0,0.0,0.0,0.0,0.013648489360382158,0.0,0.0,0.00047620161931263285,0.03940200433135033,17.527641773223877,0.036927014243328116,0.023545569842469992
stressed,3,hard_constrained,0.01996360128291167,0.018903080104985096,0.021721498324852363,0.030013907993267305,0.0,0.0,0.0,0.0,0.0,0.0,0.0,0.0,0.0,0.0006833522493252531,0.00568216061219573,8.875269889831543,0.030738259719707603,0.028722340739037188
stressed,3,hard_no_calib,0.10890332082179073,0.1137142564734694,0.09977943349949611,0.1627856951929459,0.0,0.0,0.0,0.0,0.0,0.0,0.0,0.0,0.0,0.011816791538149119,67.37101745605469,9.200350046157837,0.08563863062039141,0.1348317236162717
stressed,3,dugas_style,109.1635197255295,111.11488888444528,105.60542624043188,13.604741047471222,0.0,1.0,0.0,0.0,0.0,0.0,1.0,0.0,0.0,11152.9287109375,130144360.0,1.905583143234253,68.43155456882697,68.48489950253149
stressed,4,svi,0.018252190872202246,0.018073010185130748,0.018566465099005006,0.04021473678161821,0.0,0.10150753768844221,0.0,0.25870646766169153,0.07678142348841957,nan,nan,nan,nan,nan,nan,0.2939620018005371,0.0257135078041633,0.017536643720469317
stressed,4,ssvi,0.01574456976445131,0.014124283032269315,0.01827372426883732,0.03228815313143907,0.0,0.0,0.0,0.0,0.0,nan,nan,nan,nan,nan,nan,0.04617190361022949,0.010323430626115652,0.03440336209809959
stressed,4,soft_penalty,0.020511718971435052,0.02008367626531972,0.021251406598663716,0.03509508291605485,0.0,0.01407035175879397,0.0,0.0,0.0,0.0,0.014703145356411687,0.0,0.0,0.0008971290459157899,0.05851215124130249,17.515177965164185,0.020689201329657087,0.027404528626552446
stressed,4,hard_constrained,0.02065536797403925,0.020359718805159483,0.021170774552490782,0.04506692968777085,0.0,0.0,0.0,0.0,0.0,0.0,0.0,0.0,0.0,0.00046367775939870626,0.021246088668704033,8.80625605583191,0.021969877998962013,0.04345478422215836
stressed,4,hard_no_calib,0.11314964219087183,0.11790735340969939,0.1041562578206322,0.18600078659028466,0.0,0.0,0.0,0.0,0.0,0.0,0.0,0.0,0.0,0.011156878434121609,66.04147338867188,8.829771757125854,0.0965514107069022,0.13344260049482942
stressed,4,dugas_style,111.43362639064406,111.7703276429386,110.83252079987055,14.019730236896415,0.0,1.0,0.0,0.0,0.0,0.0,1.0,0.0,0.0,12283.9892578125,139651616.0,1.886523723602295,72.52450329982041,72.56346268141242
